parent_id,kode_bps,nama_bps,kode_dagri,nama_dagri
11,1101,SIMEULUE,11.09,KAB. SIMEULUE
11,1102,ACEH SINGKIL,11.10,KAB. ACEH SINGKIL
11,1103,ACEH SELATAN,11.01,KAB. ACEH SELATAN
11,1104,ACEH TENGGARA,11.02,KAB. ACEH TENGGARA
11,1105,ACEH TIMUR,11.03,KAB. ACEH TIMUR
11,1106,ACEH TENGAH,11.04,KAB. ACEH TENGAH
11,1107,ACEH BARAT,11.05,KAB. ACEH BARAT
11,1108,ACEH BESAR,11.06,KAB. ACEH BESAR
11,1109,PIDIE,11.07,KAB. PIDIE
11,1110,BIREUEN,11.11,KAB. BIREUEN
11,1111,ACEH UTARA,11.08,KAB. ACEH UTARA
11,1112,ACEH BARAT DAYA,11.12,KAB. ACEH BARAT DAYA
11,1113,GAYO LUES,11.13,KAB. GAYO LUES
11,1114,ACEH TAMIANG,11.16,KAB. ACEH TAMIANG
11,1115,NAGAN RAYA,11.15,KAB. NAGAN RAYA
11,1116,ACEH JAYA,11.14,KAB. ACEH JAYA
11,1117,BENER MERIAH,11.17,KAB. BENER MERIAH
11,1118,PIDIE JAYA,11.18,KAB. PIDIE JAYA
11,1171,BANDA ACEH,11.71,KOTA BANDA ACEH
11,1172,SABANG,11.72,KOTA SABANG
11,1173,LANGSA,11.74,KOTA LANGSA
11,1174,LHOKSEUMAWE,11.73,KOTA LHOKSEUMAWE
11,1175,SUBULUSSALAM,11.75,KOTA SUBULUSSALAM
12,1201,NIAS,12.04,KAB. NIAS
12,1202,MANDAILING NATAL,12.13,KAB. MANDAILING NATAL
12,1203,TAPANULI SELATAN,12.03,KAB. TAPANULI SELATAN
12,1204,TAPANULI TENGAH,12.01,KAB. TAPANULI TENGAH
12,1205,TAPANULI UTARA,12.02,KAB. TAPANULI UTARA
12,1206,TOBA SAMOSIR,12.12,KAB. TOBA SAMOSIR
12,1207,LABUHAN BATU,12.10,KAB. LABUHANBATU
12,1208,ASAHAN,12.09,KAB. ASAHAN
12,1209,SIMALUNGUN,12.08,KAB. SIMALUNGUN
12,1210,DAIRI,12.11,KAB. DAIRI
12,1211,KARO,12.06,KAB. KARO
12,1212,DELI SERDANG,12.07,KAB. DELI SERDANG
12,1213,LANGKAT,12.05,KAB. LANGKAT
12,1214,NIAS SELATAN,12.14,KAB. NIAS SELATAN
12,1215,HUMBANG HASUNDUTAN,12.16,KAB. HUMBANG HASUNDUTAN
12,1216,PAKPAK BHARAT,12.15,KAB. PAKPAK BHARAT
12,1217,SAMOSIR,12.17,KAB. SAMOSIR
12,1218,SERDANG BEDAGAI,12.18,KAB. SERDANG BEDAGAI
12,1219,BATU BARA,12.19,KAB. BATU BARA
12,1220,PADANG LAWAS UTARA,12.20,KAB. PADANG LAWAS UTARA
12,1221,PADANG LAWAS,12.21,KAB. PADANG LAWAS
12,1222,LABUHAN BATU SELATAN,12.22,KAB. LABUHANBATU SELATAN
12,1223,LABUHAN BATU UTARA,12.23,KAB. LABUHANBATU UTARA
12,1224,NIAS UTARA,12.24,KAB. NIAS UTARA
12,1225,NIAS BARAT,12.25,KAB. NIAS BARAT
12,1271,SIBOLGA,12.73,KOTA SIBOLGA
12,1272,TANJUNG BALAI,12.74,KOTA TANJUNG BALAI
12,1273,PEMATANG SIANTAR,12.72,KOTA PEMATANGSIANTAR
12,1274,TEBING TINGGI,12.76,KOTA TEBING TINGGI
12,1275,MEDAN,12.71,KOTA MEDAN
12,1276,BINJAI,12.75,KOTA BINJAI
12,1277,PADANGSIDIMPUAN,12.77,KOTA PADANG SIDEMPUAN
12,1278,GUNUNGSITOLI,12.78,KOTA GUNUNGSITOLI
13,1301,KEPULAUAN MENTAWAI,13.09,KAB. KEPULAUAN MENTAWAI
13,1302,PESISIR SELATAN,13.01,KAB. PESISIR SELATAN
13,1303,SOLOK,13.02,KAB. SOLOK
13,1304,SIJUNJUNG,13.03,KAB. SIJUNJUNG
13,1305,TANAH DATAR,13.04,KAB. TANAH DATAR
13,1306,PADANG PARIAMAN,13.05,KAB. PADANG PARIAMAN
13,1307,AGAM,13.06,KAB. AGAM
13,1308,LIMA PULUH KOTA,13.07,KAB. LIMA PULUH KOTA
13,1309,PASAMAN,13.08,KAB. PASAMAN
13,1310,SOLOK SELATAN,13.11,KAB. SOLOK SELATAN
13,1311,DHARMASRAYA,13.10,KAB. DHARMASRAYA
13,1312,PASAMAN BARAT,13.12,KAB. PASAMAN BARAT
13,1371,PADANG,13.71,KOTA PADANG
13,1372,SOLOK,13.72,KOTA SOLOK
13,1373,SAWAH LUNTO,13.73,KOTA SAWAHLUNTO
13,1374,PADANG PANJANG,13.74,KOTA PADANG PANJANG
13,1375,BUKITTINGGI,13.75,KOTA BUKITTINGGI
13,1376,PAYAKUMBUH,13.76,KOTA PAYAKUMBUH
13,1377,PARIAMAN,13.77,KOTA PARIAMAN
14,1401,KUANTAN SINGINGI,14.09,KAB. KUANTAN SINGINGI
14,1402,INDRAGIRI HULU,14.02,KAB. INDRAGIRI HULU
14,1403,INDRAGIRI HILIR,14.04,KAB. INDRAGIRI HILIR
14,1404,PELALAWAN,14.05,KAB.  PELALAWAN
14,1405,S I A K,14.08,KAB. SIAK
14,1406,KAMPAR,14.01,KAB. KAMPAR
14,1407,ROKAN HULU,14.06,KAB.  ROKAN HULU
14,1408,BENGKALIS,14.03,KAB. BENGKALIS
14,1409,ROKAN HILIR,14.07,KAB.  ROKAN HILIR
14,1410,KEPULAUAN MERANTI,14.10,KAB. KEPULAUAN MERANTI
14,1471,PEKANBARU,14.71,KOTA PEKANBARU
14,1473,D U M A I,14.72,KOTA DUMAI
15,1501,KERINCI,15.01,KAB.  KERINCI
15,1502,MERANGIN,15.02,KAB.  MERANGIN
15,1503,SAROLANGUN,15.03,KAB. SAROLANGUN
15,1504,BATANG HARI,15.04,KAB. BATANGHARI
15,1505,MUARO JAMBI,15.05,KAB.  MUARO JAMBI
15,1506,TANJUNG JABUNG TIMUR,15.07,KAB. TANJUNG JABUNG TIMUR
15,1507,TANJUNG JABUNG BARAT,15.06,KAB. TANJUNG JABUNG BARAT
15,1508,TEBO,15.09,KAB. TEBO
15,1509,BUNGO,15.08,KAB. BUNGO
15,1571,JAMBI,15.71,KOTA JAMBI
15,1572,SUNGAI PENUH,15.72,KOTA SUNGAI PENUH
16,1601,OGAN KOMERING ULU,16.01,KAB. OGAN KOMERING ULU
16,1602,OGAN KOMERING ILIR,16.02,KAB. OGAN KOMERING ILIR
16,1603,MUARA ENIM,16.03,KAB. MUARA ENIM
16,1604,LAHAT,16.04,KAB. LAHAT
16,1605,MUSI RAWAS,16.05,KAB. MUSI RAWAS
16,1606,MUSI BANYUASIN,16.06,KAB. MUSI BANYUASIN
16,1607,BANYU ASIN,16.07,KAB. BANYUASIN
16,1608,OGAN KOMERING ULU SELATAN,16.09,KAB. OGAN KOMERING ULU
16,1609,OGAN KOMERING ULU TIMUR,16.08,KAB. OGAN KOMERING ULU
16,1610,OGAN ILIR,16.10,KAB. OGAN ILIR
16,1611,EMPAT LAWANG,16.11,KAB. EMPAT LAWANG
16,1612,PENUKAL ABAB LEMATANG ILIR,16.12,KAB. PENUKAL ABAB LEMATANG
16,1613,MUSI RAWAS UTARA,16.13,KAB. MUSI RAWAS UTARA
16,1671,PALEMBANG,16.71,KOTA PALEMBANG
16,1672,PRABUMULIH,16.74,KOTA PRABUMULIH
16,1673,PAGAR ALAM,16.72,KOTA PAGAR ALAM
16,1674,LUBUKLINGGAU,16.73,KOTA LUBUK LINGGAU
17,1701,BENGKULU SELATAN,17.01,KAB. BENGKULU SELATAN
17,1702,REJANG LEBONG,17.02,KAB. REJANG LEBONG
17,1703,BENGKULU UTARA,17.03,KAB. BENGKULU UTARA
17,1704,KAUR,17.04,KAB. KAUR
17,1705,SELUMA,17.05,KAB. SELUMA
17,1706,MUKOMUKO,17.06,KAB. MUKO MUKO
17,1707,LEBONG,17.07,KAB. LEBONG
17,1708,KEPAHIANG,17.08,KAB. KEPAHIANG
17,1709,BENGKULU TENGAH,17.09,KAB. BENGKULU TENGAH
17,1771,BENGKULU,17.71,KOTA BENGKULU
18,1801,LAMPUNG BARAT,18.04,KAB. LAMPUNG BARAT
18,1802,TANGGAMUS,18.06,KAB. TANGGAMUS
18,1803,LAMPUNG SELATAN,18.01,KAB. LAMPUNG SELATAN
18,1804,LAMPUNG TIMUR,18.07,KAB. LAMPUNG TIMUR
18,1805,LAMPUNG TENGAH,18.02,KAB. LAMPUNG TENGAH
18,1806,LAMPUNG UTARA,18.03,KAB. LAMPUNG UTARA
18,1807,WAY KANAN,18.08,KAB. WAY KANAN
18,1808,TULANGBAWANG,18.05,KAB. TULANG BAWANG
18,1809,PESAWARAN,18.09,KAB. PESAWARAN
18,1810,PRINGSEWU,18.10,KAB. PRINGSEWU
18,1811,MESUJI,18.11,KAB. MESUJI
18,1812,TULANG BAWANG BARAT,18.12,KAB. TULANG BAWANG BARAT
18,1813,PESISIR BARAT,18.13,KAB. PESISIR BARAT
18,1871,BANDAR LAMPUNG,18.71,KOTA BANDAR LAMPUNG
18,1872,METRO,18.72,KOTA METRO
19,1901,BANGKA,19.01,KAB. BANGKA
19,1902,BELITUNG,19.02,KAB. BELITUNG
19,1903,BANGKA BARAT,19.05,KAB. BANGKA BARAT
19,1904,BANGKA TENGAH,19.04,KAB. BANGKA TENGAH
19,1905,BANGKA SELATAN,19.03,KAB. BANGKA SELATAN
19,1906,BELITUNG TIMUR,19.06,KAB. BELITUNG TIMUR
19,1971,PANGKALPINANG,19.71,KOTA PANGKAL PINANG
21,2101,KARIMUN,21.02,KAB. KARIMUN
21,2102,BINTAN,21.01,KAB. BINTAN
21,2103,NATUNA,21.03,KAB. NATUNA
21,2104,LINGGA,21.04,KAB. LINGGA
21,2105,KEPULAUAN ANAMBAS,21.05,KAB. KEPULAUAN ANAMBAS
21,2171,B A T A M,21.71,KOTA BATAM
21,2172,TANJUNG PINANG,21.72,KOTA TANJUNG PINANG
31,3101,KEPULAUAN SERIBU,31.01,KAB. ADM. KEP. SERIBU
31,3171,JAKARTA SELATAN,31.74,KOTA ADM. JAKARTA SELATAN
31,3172,JAKARTA TIMUR,31.75,KOTA ADM. JAKARTA TIMUR
31,3173,JAKARTA PUSAT,31.71,KOTA ADM. JAKARTA PUSAT
31,3174,JAKARTA BARAT,31.73,KOTA ADM. JAKARTA BARAT
31,3175,JAKARTA UTARA,31.72,KOTA ADM. JAKARTA UTARA
32,3201,BOGOR,32.01,KAB. BOGOR
32,3202,SUKABUMI,32.02,KAB. SUKABUMI
32,3203,CIANJUR,32.03,KAB. CIANJUR
32,3204,BANDUNG,32.04,KAB. BANDUNG
32,3205,GARUT,32.05,KAB. GARUT
32,3206,TASIKMALAYA,32.06,KAB. TASIKMALAYA
32,3207,CIAMIS,32.07,KAB. CIAMIS
32,3208,KUNINGAN,32.08,KAB. KUNINGAN
32,3209,CIREBON,32.09,KAB. CIREBON
32,3210,MAJALENGKA,32.10,KAB. MAJALENGKA
32,3211,SUMEDANG,32.11,KAB. SUMEDANG
32,3212,INDRAMAYU,32.12,KAB. INDRAMAYU
32,3213,SUBANG,32.13,KAB. SUBANG
32,3214,PURWAKARTA,32.14,KAB. PURWAKARTA
32,3215,KARAWANG,32.15,KAB. KARAWANG
32,3216,BEKASI,32.16,KAB. BEKASI
32,3217,BANDUNG BARAT,32.17,KAB. BANDUNG BARAT
32,3218,PANGANDARAN,32.18,KAB. PANGANDARAN
32,3271,BOGOR,32.71,KOTA BOGOR
32,3272,SUKABUMI,32.72,KOTA SUKABUMI
32,3273,BANDUNG,32.73,KOTA BANDUNG
32,3274,CIREBON,32.74,KOTA CIREBON
32,3275,BEKASI,32.75,KOTA BEKASI
32,3276,DEPOK,32.76,KOTA DEPOK
32,3277,CIMAHI,32.77,KOTA CIMAHI
32,3278,TASIKMALAYA,32.78,KOTA TASIKMALAYA
32,3279,BANJAR,32.79,KOTA BANJAR
33,3301,CILACAP,33.01,KAB. CILACAP
33,3302,BANYUMAS,33.02,KAB. BANYUMAS
33,3303,PURBALINGGA,33.03,KAB. PURBALINGGA
33,3304,BANJARNEGARA,33.04,KAB. BANJARNEGARA
33,3305,KEBUMEN,33.05,KAB. KEBUMEN
33,3306,PURWOREJO,33.06,KAB. PURWOREJO
33,3307,WONOSOBO,33.07,KAB. WONOSOBO
33,3308,MAGELANG,33.08,KAB. MAGELANG
33,3309,BOYOLALI,33.09,KAB. BOYOLALI
33,3310,KLATEN,33.10,KAB. KLATEN
33,3311,SUKOHARJO,33.11,KAB. SUKOHARJO
33,3312,WONOGIRI,33.12,KAB. WONOGIRI
33,3313,KARANGANYAR,33.13,KAB. KARANGANYAR
33,3314,SRAGEN,33.14,KAB. SRAGEN
33,3315,GROBOGAN,33.15,KAB. GROBOGAN
33,3316,BLORA,33.16,KAB. BLORA
33,3317,REMBANG,33.17,KAB. REMBANG
33,3318,PATI,33.18,KAB. PATI
33,3319,KUDUS,33.19,KAB. KUDUS
33,3320,JEPARA,33.20,KAB. JEPARA
33,3321,DEMAK,33.21,KAB. DEMAK
33,3322,SEMARANG,33.22,KAB. SEMARANG
33,3323,TEMANGGUNG,33.23,KAB. TEMANGGUNG
33,3324,KENDAL,33.24,KAB. KENDAL
33,3325,BATANG,33.25,KAB. BATANG
33,3326,PEKALONGAN,33.26,KAB. PEKALONGAN
33,3327,PEMALANG,33.27,KAB. PEMALANG
33,3328,TEGAL,33.28,KAB. TEGAL
33,3329,BREBES,33.29,KAB. BREBES
33,3371,MAGELANG,33.71,KOTA MAGELANG
33,3372,SURAKARTA,33.72,KOTA SURAKARTA
33,3373,SALATIGA,33.73,KOTA SALATIGA
33,3374,SEMARANG,33.74,KOTA SEMARANG
33,3375,PEKALONGAN,33.75,KOTA PEKALONGAN
33,3376,TEGAL,33.76,KOTA TEGAL
34,3401,KULON PROGO,34.01,KAB. KULON PROGO
34,3402,BANTUL,34.02,KAB. BANTUL
34,3403,GUNUNGKIDUL,34.03,KAB. GUNUNGKIDUL
34,3404,SLEMAN,34.04,KAB. SLEMAN
34,3471,YOGYAKARTA,34.71,KOTA YOGYAKARTA
35,3501,PACITAN,35.01,KAB. PACITAN
35,3502,PONOROGO,35.02,KAB. PONOROGO
35,3503,TRENGGALEK,35.03,KAB. TRENGGALEK
35,3504,TULUNGAGUNG,35.04,KAB. TULUNGAGUNG
35,3505,BLITAR,35.05,KAB. BLITAR
35,3506,KEDIRI,35.06,KAB. KEDIRI
35,3507,MALANG,35.07,KAB. MALANG
35,3508,LUMAJANG,35.08,KAB. LUMAJANG
35,3509,JEMBER,35.09,KAB. JEMBER
35,3510,BANYUWANGI,35.10,KAB. BANYUWANGI
35,3511,BONDOWOSO,35.11,KAB. BONDOWOSO
35,3512,SITUBONDO,35.12,KAB. SITUBONDO
35,3513,PROBOLINGGO,35.13,KAB. PROBOLINGGO
35,3514,PASURUAN,35.14,KAB. PASURUAN
35,3515,SIDOARJO,35.15,KAB. SIDOARJO
35,3516,MOJOKERTO,35.16,KAB. MOJOKERTO
35,3517,JOMBANG,35.17,KAB. JOMBANG
35,3518,NGANJUK,35.18,KAB. NGANJUK
35,3519,MADIUN,35.19,KAB. MADIUN
35,3520,MAGETAN,35.20,KAB. MAGETAN
35,3521,NGAWI,35.21,KAB. NGAWI
35,3522,BOJONEGORO,35.22,KAB. BOJONEGORO
35,3523,TUBAN,35.23,KAB. TUBAN
35,3524,LAMONGAN,35.24,KAB. LAMONGAN
35,3525,GRESIK,35.25,KAB. GRESIK
35,3526,BANGKALAN,35.26,KAB. BANGKALAN
35,3527,SAMPANG,35.27,KAB. SAMPANG
35,3528,PAMEKASAN,35.28,KAB. PAMEKASAN
35,3529,SUMENEP,35.29,KAB. SUMENEP
35,3571,KEDIRI,35.71,KOTA KEDIRI
35,3572,BLITAR,35.72,KOTA BLITAR
35,3573,MALANG,35.73,KOTA MALANG
35,3574,PROBOLINGGO,35.74,KOTA PROBOLINGGO
35,3575,PASURUAN,35.75,KOTA PASURUAN
35,3576,MOJOKERTO,35.76,KOTA MOJOKERTO
35,3577,MADIUN,35.77,KOTA MADIUN
35,3578,SURABAYA,35.78,KOTA SURABAYA
35,3579,BATU,35.79,KOTA BATU
36,3601,PANDEGLANG,36.01,KAB. PANDEGLANG
36,3602,LEBAK,36.02,KAB. LEBAK
36,3603,TANGERANG,36.03,KAB. TANGERANG
36,3604,SERANG,36.04,KAB. SERANG
36,3671,TANGERANG,36.71,KOTA TANGERANG
36,3672,CILEGON,36.72,KOTA CILEGON
36,3673,SERANG,36.73,KOTA SERANG
36,3674,TANGERANG SELATAN,36.74,KOTA TANGERANG SELATAN
51,5101,JEMBRANA,51.01,KAB. JEMBRANA
51,5102,TABANAN,51.02,KAB. TABANAN
51,5103,BADUNG,51.03,KAB. BADUNG
51,5104,GIANYAR,51.04,KAB. GIANYAR
51,5105,KLUNGKUNG,51.05,KAB. KLUNGKUNG
51,5106,BANGLI,51.06,KAB. BANGLI
51,5107,KARANGASEM,51.07,KAB. KARANGASEM
51,5108,BULELENG,51.08,KAB. BULELENG
51,5171,DENPASAR,51.71,KOTA DENPASAR
52,5201,LOMBOK BARAT,52.01,KAB. LOMBOK BARAT
52,5202,LOMBOK TENGAH,52.02,KAB. LOMBOK TENGAH
52,5203,LOMBOK TIMUR,52.03,KAB. LOMBOK TIMUR
52,5204,SUMBAWA,52.04,KAB. SUMBAWA
52,5205,DOMPU,52.05,KAB. DOMPU
52,5206,BIMA,52.06,KAB. BIMA
52,5207,SUMBAWA BARAT,52.07,KAB. SUMBAWA BARAT
52,5208,LOMBOK UTARA,52.08,KAB. LOMBOK UTARA
52,5271,MATARAM,52.71,KOTA MATARAM
52,5272,BIMA,52.72,KOTA BIMA
53,5301,SUMBA BARAT,53.12,KAB. SUMBA BARAT
53,5302,SUMBA TIMUR,53.11,KAB. SUMBA TIMUR
53,5303,KUPANG,53.01,KAB. KUPANG
53,5304,TIMOR TENGAH SELATAN,53.02,KAB TIMOR TENGAH SELATAN
53,5305,TIMOR TENGAH UTARA,53.03,KAB. TIMOR TENGAH UTARA
53,5306,BELU,53.04,KAB. BELU
53,5307,ALOR,53.05,KAB. ALOR
53,5308,LEMBATA,53.13,KAB. LEMBATA
53,5309,FLORES TIMUR,53.06,KAB. FLORES TIMUR
53,5310,SIKKA,53.07,KAB. SIKKA
53,5311,ENDE,53.08,KAB. ENDE
53,5312,NGADA,53.09,KAB. NGADA
53,5313,MANGGARAI,53.10,KAB. MANGGARAI
53,5314,ROTE NDAO,53.14,KAB. ROTE NDAO
53,5315,MANGGARAI BARAT,53.15,KAB. MANGGARAI BARAT
53,5316,SUMBA TENGAH,53.17,KAB. SUMBA TENGAH
53,5317,SUMBA BARAT DAYA,53.18,KAB. SUMBA BARAT DAYA
53,5318,NAGEKEO,53.16,KAB. NAGEKEO
53,5319,MANGGARAI TIMUR,53.19,KAB. MANGGARAI TIMUR
53,5320,SABU RAIJUA,53.20,KAB. SABU RAIJUA
53,5321,MALAKA,53.21,KAB. MALAKA
53,5371,KUPANG,53.71,KOTA KUPANG
61,6101,SAMBAS,61.01,KAB. SAMBAS
61,6102,BENGKAYANG,61.07,KAB. BENGKAYANG
61,6103,LANDAK,61.08,KAB. LANDAK
61,6104,MEMPAWAH,61.02,KAB. MEMPAWAH
61,6105,SANGGAU,61.03,KAB. SANGGAU
61,6106,KETAPANG,61.04,KAB. KETAPANG
61,6107,SINTANG,61.05,KAB. SINTANG
61,6108,KAPUAS HULU,61.06,KAB. KAPUAS HULU
61,6109,SEKADAU,61.09,KAB. SEKADAU
61,6110,MELAWI,61.10,KAB. MELAWI
61,6111,KAYONG UTARA,61.11,KAB. KAYONG UTARA
61,6112,KUBU RAYA,61.12,KAB. KUBU RAYA
61,6171,PONTIANAK,61.71,KOTA PONTIANAK
61,6172,SINGKAWANG,61.72,KOTA SINGKAWANG
62,6201,KOTAWARINGIN BARAT,62.01,KAB. KOTAWARINGIN BARAT
62,6202,KOTAWARINGIN TIMUR,62.02,KAB. KOTAWARINGIN TIMUR
62,6203,KAPUAS,62.03,KAB. KAPUAS
62,6204,BARITO SELATAN,62.04,KAB. BARITO SELATAN
62,6205,BARITO UTARA,62.05,KAB. BARITO UTARA
62,6206,SUKAMARA,62.08,KAB. SUKAMARA
62,6207,LAMANDAU,62.09,KAB. LAMANDAU
62,6208,SERUYAN,62.07,KAB. SERUYAN
62,6209,KATINGAN,62.06,KAB. KATINGAN
62,6210,PULANG PISAU,62.11,KAB. PULANG PISAU
62,6211,GUNUNG MAS,62.10,KAB. GUNUNG MAS
62,6212,BARITO TIMUR,62.13,KAB. BARITO TIMUR
62,6213,MURUNG RAYA,62.12,KAB. MURUNG RAYA
62,6271,PALANGKA RAYA,62.71,KOTA PALANGKARAYA
63,6301,TANAH LAUT,63.01,KAB. TANAH LAUT
63,6302,KOTABARU,63.02,KAB. KOTABARU
63,6303,BANJAR,63.03,KAB. BANJAR
63,6304,BARITO KUALA,63.04,KAB. BARITO KUALA
63,6305,TAPIN,63.05,KAB. TAPIN
63,6306,HULU SUNGAI SELATAN,63.06,KAB. HULU SUNGAI SELATAN
63,6307,HULU SUNGAI TENGAH,63.07,KAB. HULU SUNGAI TENGAH
63,6308,HULU SUNGAI UTARA,63.08,KAB. HULU SUNGAI UTARA
63,6309,TABALONG,63.09,KAB. TABALONG
63,6310,TANAH BUMBU,63.10,KAB. TANAH BUMBU
63,6311,BALANGAN,63.11,KAB. BALANGAN
63,6371,BANJARMASIN,63.71,KOTA BANJARMASIN
63,6372,BANJAR BARU,63.72,KOTA BANJARBARU
64,6401,PASER,64.01,KAB. PASER
64,6402,KUTAI BARAT,64.07,KAB. KUTAI BARAT
64,6403,KUTAI KARTANEGARA,64.02,KAB. KUTAI KARTANEGARA
64,6404,KUTAI TIMUR,64.08,KAB. KUTAI TIMUR
64,6405,BERAU,64.03,KAB. BERAU
64,6409,PENAJAM PASER UTARA,64.09,KAB. PENAJAM PASER UTARA
64,6411,MAHAKAM HULU,64.11,KAB. MAHAKAM ULU
64,6471,BALIKPAPAN,64.71,KOTA BALIKPAPAN
64,6472,SAMARINDA,64.72,KOTA SAMARINDA
64,6474,BONTANG,64.74,KOTA BONTANG
65,6501,MALINAU,65.02,KAB. MALINAU
65,6502,BULUNGAN,65.01,KAB. BULUNGAN
65,6503,TANA TIDUNG,65.04,KAB. TANA TIDUNG
65,6504,NUNUKAN,65.03,KAB. NUNUKAN
65,6571,TARAKAN,65.71,KOTA TARAKAN
71,7101,BOLAANG MONGONDOW,71.01,KAB. BOLAANG MONGONDOW
71,7102,MINAHASA,71.02,KAB. MINAHASA
71,7103,KEPULAUAN SANGIHE,71.03,KAB. KEPULAUAN SANGIHE
71,7104,KEPULAUAN TALAUD,71.04,KAB. KEPULAUAN TALAUD
71,7105,MINAHASA SELATAN,71.05,KAB. MINAHASA SELATAN
71,7106,MINAHASA UTARA,71.06,KAB. MINAHASA UTARA
71,7107,BOLAANG MONGONDOW UTARA,71.08,KAB. BOLAANG MONGONDOW
71,7108,SIAU TAGULANDANG BIARO,71.09,KAB. KEP. SIAU TAGULANDANG
71,7109,MINAHASA TENGGARA,71.07,KAB. MINAHASA TENGGARA
71,7110,BOLAANG MONGONDOW SELATAN,71.11,KAB. BOLAANG MONGONDOW
71,7111,BOLAANG MONGONDOW TIMUR,71.10,KAB. BOLAANG MONGONDOW
71,7171,MANADO,71.71,KOTA MANADO
71,7172,BITUNG,71.72,KOTA BITUNG
71,7173,TOMOHON,71.73,KOTA TOMOHON
71,7174,KOTAMOBAGU,71.74,KOTA KOTAMOBAGU
72,7201,BANGGAI KEPULAUAN,72.07,KAB. BANGGAI KEPULAUAN
72,7202,BANGGAI,72.01,KAB. BANGGAI
72,7203,MOROWALI,72.06,KAB. MOROWALI
72,7204,POSO,72.02,KAB. POSO
72,7205,DONGGALA,72.03,KAB. DONGGALA
72,7206,TOLI-TOLI,72.04,KAB. TOLI TOLI
72,7207,BUOL,72.05,KAB. BUOL
72,7208,PARIGI MOUTONG,72.08,KAB. PARIGI MOUTONG
72,7209,TOJO UNA-UNA,72.09,KAB. TOJO UNA UNA
72,7210,SIGI,72.10,KAB. SIGI
72,7211,BANGGAI LAUT,72.11,KAB. BANGGAI LAUT
72,7212,MOROWALI UTARA,72.12,KAB. MOROWALI UTARA
72,7271,PALU,72.71,KOTA PALU
73,7301,KEPULAUAN SELAYAR,73.01,KAB. KEPULAUAN SELAYAR
73,7302,BULUKUMBA,73.02,KAB. BULUKUMBA
73,7303,BANTAENG,73.03,KAB. BANTAENG
73,7304,JENEPONTO,73.04,KAB. JENEPONTO
73,7305,TAKALAR,73.05,KAB. TAKALAR
73,7306,GOWA,73.06,KAB. GOWA
73,7307,SINJAI,73.07,KAB. SINJAI
73,7308,MAROS,73.09,KAB. MAROS
73,7309,PANGKAJENE DAN KEPULAUAN,73.10,KAB. PANGKAJENE KEPULAUAN
73,7310,BARRU,73.11,KAB. BARRU
73,7311,BONE,73.08,KAB. BONE
73,7312,SOPPENG,73.12,KAB. SOPPENG
73,7313,WAJO,73.13,KAB. WAJO
73,7314,SIDENRENG RAPPANG,73.14,KAB. SIDENRENG RAPPANG
73,7315,PINRANG,73.15,KAB. PINRANG
73,7316,ENREKANG,73.16,KAB. ENREKANG
73,7317,LUWU,73.17,KAB. LUWU
73,7318,TANA TORAJA,73.18,KAB. TANA TORAJA
73,7322,LUWU UTARA,73.22,KAB. LUWU UTARA
73,7325,LUWU TIMUR,73.24,KAB. LUWU TIMUR
73,7326,TORAJA UTARA,73.26,KAB. TORAJA UTARA
73,7371,MAKASSAR,73.71,KOTA MAKASSAR
73,7372,PAREPARE,73.72,KOTA PARE PARE
73,7373,PALOPO,73.73,KOTA PALOPO
74,7401,BUTON,74.04,KAB. BUTON
74,7402,MUNA,74.03,KAB. MUNA
74,7403,KONAWE,74.02,KAB. KONAWE
74,7404,KOLAKA,74.01,KAB. KOLAKA
74,7405,KONAWE SELATAN,74.05,KAB. KONAWE SELATAN
74,7406,BOMBANA,74.06,KAB. BOMBANA
74,7407,WAKATOBI,74.07,KAB. WAKATOBI
74,7408,KOLAKA UTARA,74.08,KAB. KOLAKA UTARA
74,7409,BUTON UTARA,74.10,KAB. BUTON UTARA
74,7410,KONAWE UTARA,74.09,KAB. KONAWE UTARA
74,7411,KOLAKA TIMUR,74.11,KAB. KOLAKA TIMUR
74,7412,KONAWE KEPULAUAN,74.12,KAB. KONAWE KEPULAUAN
74,7413,MUNA BARAT,74.13,KAB. MUNA BARAT
74,7414,BUTON TENGAH,74.14,KAB. BUTON TENGAH
74,7415,BUTON SELATAN,74.15,KAB. BUTON SELATAN
74,7471,KENDARI,74.71,KOTA KENDARI
74,7472,BAUBAU,74.72,KOTA BAU BAU
75,7501,BOALEMO,75.02,KAB. BOALEMO
75,7502,GORONTALO,75.01,KAB. GORONTALO
75,7503,POHUWATO,75.04,KAB. PAHUWATO
75,7504,BONE BOLANGO,75.03,KAB. BONE BOLANGO
75,7505,GORONTALO UTARA,75.05,KAB. GORONTALO UTARA
75,7571,GORONTALO,75.71,KOTA GORONTALO
76,7601,MAJENE,76.05,KAB. MAJENE
76,7602,POLEWALI MANDAR,76.04,KAB. POLEWALI MANDAR
76,7603,MAMASA,76.03,KAB. MAMASA
76,7604,MAMUJU,76.02,KAB. MAMUJU
76,7605,PASANGKAYU,76.01,KAB. PASANGKAYU
76,7606,MAMUJU TENGAH,76.06,KAB. MAMUJU TENGAH
81,8101,KEPULAUAN TANIMBAR,81.03,KAB. KEPULAUAN TANIMBAR
81,8102,MALUKU TENGGARA,81.02,KAB. MALUKU TENGGARA
81,8103,MALUKU TENGAH,81.01,KAB. MALUKU TENGAH
81,8104,BURU,81.04,KAB. BURU
81,8105,KEPULAUAN ARU,81.07,KAB. KEPULAUAN ARU
81,8106,SERAM BAGIAN BARAT,81.06,KAB. SERAM BAGIAN BARAT
81,8107,SERAM BAGIAN TIMUR,81.05,KAB. SERAM BAGIAN TIMUR
81,8108,MALUKU BARAT DAYA,81.08,KAB. MALUKU BARAT DAYA
81,8109,BURU SELATAN,81.09,KAB. BURU SELATAN
81,8171,AMBON,81.71,KOTA AMBON
81,8172,TUAL,81.72,KOTA TUAL
82,8201,HALMAHERA BARAT,82.01,KAB. HALMAHERA BARAT
82,8202,HALMAHERA TENGAH,82.02,KAB. HALMAHERA TENGAH
82,8203,KEPULAUAN SULA,82.05,KAB. KEPULAUAN SULA
82,8204,HALMAHERA SELATAN,82.04,KAB. HALMAHERA SELATAN
82,8205,HALMAHERA UTARA,82.03,KAB. HALMAHERA UTARA
82,8206,HALMAHERA TIMUR,82.06,KAB. HALMAHERA TIMUR
82,8207,PULAU MOROTAI,82.07,KAB. PULAU MOROTAI
82,8208,PULAU TALIABU,82.08,KAB. PULAU TALIABU
82,8271,TERNATE,82.71,KOTA TERNATE
82,8272,TIDORE KEPULAUAN,82.72,KOTA TIDORE KEPULAUAN
91,9101,FAKFAK,92.03,KAB. FAK FAK
91,9102,KAIMANA,92.08,KAB. KAIMANA
91,9103,TELUK WONDAMA,92.07,KAB. TELUK WONDAMA
91,9104,TELUK BINTUNI,92.06,KAB. TELUK BINTUNI
91,9105,MANOKWARI,92.02,KAB. MANOKWARI
91,9106,SORONG SELATAN,92.04,KAB. SORONG SELATAN
91,9107,SORONG,92.01,KAB. SORONG
91,9108,RAJA AMPAT,92.05,KAB. RAJA AMPAT
91,9109,TAMBRAUW,92.09,KAB. TAMBRAUW
91,9110,MAYBRAT,92.10,KAB. MAYBRAT
91,9111,MANOKWARI SELATAN,92.11,KAB. MANOKWARI SELATAN
91,9112,PEGUNUNGAN ARFAK,92.12,KAB. PEGUNUNGAN ARFAK
91,9171,SORONG,92.71,KOTA SORONG
94,9401,MERAUKE,91.01,KAB. MERAUKE
94,9402,JAYAWIJAYA,91.02,KAB. JAYAWIJAYA
94,9403,JAYAPURA,91.03,KAB. JAYAPURA
94,9404,NABIRE,91.04,KAB. NABIRE
94,9408,KEPULAUAN YAPEN,91.05,KAB. KEPULAUAN YAPEN
94,9409,BIAK NUMFOR,91.06,KAB. BIAK NUMFOR
94,9410,PANIAI,91.08,KAB. PANIAI
94,9411,PUNCAK JAYA,91.07,KAB. PUNCAK JAYA
94,9412,MIMIKA,91.09,KAB. MIMIKA
94,9413,BOVEN DIGOEL,91.16,KAB. BOVEN DIGOEL
94,9414,MAPPI,91.17,KAB. MAPPI
94,9415,ASMAT,91.18,KAB. ASMAT
94,9416,YAHUKIMO,91.13,KAB. YAHUKIMO
94,9417,PEGUNUNGAN BINTANG,91.12,KAB PEGUNUNGAN BINTANG
94,9418,TOLIKARA,91.14,KAB. TOLIKARA
94,9419,SARMI,91.10,KAB. SARMI
94,9420,KEEROM,91.11,KAB. KEEROM
94,9426,WAROPEN,91.15,KAB. WAROPEN
94,9427,SUPIORI,91.19,KAB. SUPIORI
94,9428,MAMBERAMO RAYA,91.20,KAB. MAMBERAMO RAYA
94,9429,NDUGA,91.24,KAB. NDUGA
94,9430,LANNY JAYA,91.23,KAB. LANNY JAYA
94,9431,MAMBERAMO TENGAH,91.21,KAB. MAMBERAMO TENGAH
94,9432,YALIMO,91.22,KAB. YALIMO
94,9433,PUNCAK,91.25,KAB. PUNCAK
94,9434,DOGIYAI,91.26,KAB. DOGIYAI
94,9435,INTAN JAYA,91.27,KAB. INTAN JAYA
94,9436,DEIYAI,91.28,KAB. DEIYAI
94,9471,JAYAPURA,91.71,KOTA JAYAPURA
